Subtopic,Count,Body / Design / Looks/ Style,Engine / Performance / Speed,Service & Maintenance,"Special Feature, New feature",Competittion,Ride experience / Comfortability,"Price, Cost, Buying"
"Maximizing the Value of Your Motorcycle: Superb Power, Great Rides, and Smart Money Choices",693,,"Maximizing the Value of Your Motorcycle: Superb Power, Great Rides, and Smart Money Choices",,,,"Maximizing the Value of Your Motorcycle: Superb Power, Great Rides, and Smart Money Choices","Maximizing the Value of Your Motorcycle: Superb Power, Great Rides, and Smart Money Choices"
"Indian Motorcycle Machines: A Journey of Feel, Price, and Riding Pleasure",46,,,,,,"Indian Motorcycle Machines: A Journey of Feel, Price, and Riding Pleasure","Indian Motorcycle Machines: A Journey of Feel, Price, and Riding Pleasure"
"Striking the Perfect Balance in Motorcycle Ownership: Good Rides, Ideal Prices, and Performance",41,,"Striking the Perfect Balance in Motorcycle Ownership: Good Rides, Ideal Prices, and Performance",,,,"Striking the Perfect Balance in Motorcycle Ownership: Good Rides, Ideal Prices, and Performance","Striking the Perfect Balance in Motorcycle Ownership: Good Rides, Ideal Prices, and Performance"
Unleashing Awesome Rides and Sporty Looks,39,Unleashing Awesome Rides and Sporty Looks,,,,,Unleashing Awesome Rides and Sporty Looks,
Navigating Service Challenges and Making Informed Buying Decisions,28,,,Navigating Service Challenges and Making Informed Buying Decisions,,,,Navigating Service Challenges and Making Informed Buying Decisions
"Troubleshooting Vehicle Issues, Starting Strong, and Self-Improvement",28,,"Troubleshooting Vehicle Issues, Starting Strong, and Self-Improvement",,,,,
"Exploring Slipper Clutches, Build Quality, and Value for Money",23,,,,,,,"Exploring Slipper Clutches, Build Quality, and Value for Money"
"The Scooter Revolution: Fuel Efficiency, Stylish Rides, and Rider Experiences",22,"The Scooter Revolution: Fuel Efficiency, Stylish Rides, and Rider Experiences","The Scooter Revolution: Fuel Efficiency, Stylish Rides, and Rider Experiences",,,,"The Scooter Revolution: Fuel Efficiency, Stylish Rides, and Rider Experiences",
"The Joy of Riding a Dream Motorcycle: Looks, Comfort, and Love",15,"The Joy of Riding a Dream Motorcycle: Looks, Comfort, and Love",,,,,"The Joy of Riding a Dream Motorcycle: Looks, Comfort, and Love",
"Unveiling Great Motorcycles: Exploring Features, Performance, and Rider Experiences",15,,"Unveiling Great Motorcycles: Exploring Features, Performance, and Rider Experiences",,"Unveiling Great Motorcycles: Exploring Features, Performance, and Rider Experiences",,"Unveiling Great Motorcycles: Exploring Features, Performance, and Rider Experiences",
The Best in Segment: Exploring Exceptional Motorcycles for Discerning Riders,12,,,,,The Best in Segment: Exploring Exceptional Motorcycles for Discerning Riders,,
"Elevating the Scooter Experience: Excellent Features, Innovative Models, and the bike Breakthrough",11,"Elevating the Scooter Experience: Excellent Features, Innovative Models, and the bike Breakthrough",,,"Elevating the Scooter Experience: Excellent Features, Innovative Models, and the bike Breakthrough",,,
"Performance, Style, and Rider Experiences",11,"Performance, Style, and Rider Experiences","Performance, Style, and Rider Experiences",,,,"Performance, Style, and Rider Experiences",
"The Art of Riding: Exploring the Good, the Look, and the Experience",11,"The Art of Riding: Exploring the Good, the Look, and the Experience",,,,,"The Art of Riding: Exploring the Good, the Look, and the Experience",
"Unleashing the Power of High-Performance Motorcycles: The Amazing Ride, Speed, and Engine Performance",9,,"Unleashing the Power of High-Performance Motorcycles: The Amazing Ride, Speed, and Engine Performance",,,,"Unleashing the Power of High-Performance Motorcycles: The Amazing Ride, Speed, and Engine Performance",
"Striking the Perfect Balance: A Smooth Ride, Lightweight Design, and the Cost of Motorcycle Ownership",8,"Striking the Perfect Balance: A Smooth Ride, Lightweight Design, and the Cost of Motorcycle Ownership",,,,,"Striking the Perfect Balance: A Smooth Ride, Lightweight Design, and the Cost of Motorcycle Ownership","Striking the Perfect Balance: A Smooth Ride, Lightweight Design, and the Cost of Motorcycle Ownership"
"Achieving Great Mileage, Comfortable Riding, and Exceptional Performance on Two Wheels",8,,"Achieving Great Mileage, Comfortable Riding, and Exceptional Performance on Two Wheels",,,,"Achieving Great Mileage, Comfortable Riding, and Exceptional Performance on Two Wheels",
"Power, Style, and the Love for High-Performance Motorcycles",5,"Power, Style, and the Love for High-Performance Motorcycles","Power, Style, and the Love for High-Performance Motorcycles",,,,,
"Racing Excellence, Performance, and Affordable Thrills",4,,"Racing Excellence, Performance, and Affordable Thrills",,,,,"Racing Excellence, Performance, and Affordable Thrills"
"Navigating the World of Motorcycle Ownership: Service, Maintenance, and the Rider's Journey",4,,,"Navigating the World of Motorcycle Ownership: Service, Maintenance, and the Rider's Journey",,,"Navigating the World of Motorcycle Ownership: Service, Maintenance, and the Rider's Journey",
